store_id,menu_name,price,menu_category,created_at,updated_at
32,크리스피베이크 한마리,15900,양식,-,-
32,오리지널로스트 한마리,14900,양식,-,-
32,요거닭,19900,양식,-,-
32,꼴까닭,16900,양식,-,-
32,애간장녹는닭 빠네,22900,양식,-,-
32,애간장녹는닭 레드,20900,양식,-,-
32,애간장녹는닭 오리지널,19900,양식,-,-
32,스노우치즈불닭,19900,양식,-,-
32,깐풍홀릭,19900,양식,-,-
33,엽기떡볶이,14000,분식,-,-
33,엽기오뎅,14000,분식,-,-
33,엽기반반,14000,분식,-,-
33,2인엽떡,9000,분식,-,-
33,엽기닭볶음탕,24000,분식,-,-
33,엽기세트A(모듬튀김+계란+쿨피스),17000,분식,-,-
33,엽기세트B(모듬튀김+계란+쿨피스+주먹김밥),19000,분식,-,-
33,엽기세트C(모듬튀김+계란+쿨피스+주먹김밥+당면),21000,분식,-,-
33,참숯 뼈없는 닭발,15000,분식,-,-
33,국물닭발,15000,분식,-,-
33,참숯 통닭발,14000,분식,-,-
33,오돌뼈,14000,분식,-,-
33,참숯 닭날개,14000,분식,-,-
33,사이드메뉴,-,-,-,-
33,주먹김밥,2000,분식,-,-
33,계란찜,2000,분식,-,-
33,오뎅탕,10000,분식,-,-
33,쿨피스,1000,-,-,-
34,순살안동찜닭小(2인),17000,한식,-,-
34,순살안동찜닭中(3인),25000,한식,-,-
34,순살안동찜닭大(4인),34000,한식,-,-
34,안동찜닭小(0.5마리),17000,한식,-,-
34,안동찜닭中(1마리),25000,한식,-,-
34,안동찜닭大(1.5마리),34000,한식,-,-
34,매콤순살고추장찜닭小,17000,한식,-,-
34,매콤순살고추장찜닭中,25000,한식,-,-
34,매콤순살고추장찜닭大,34000,한식,-,-
34,매콤고추장찜닭小,17000,한식,-,-
34,매콤고추장찜닭中,25000,한식,-,-
34,매콤고추장찜닭大,34000,한식,-,-
34,치즈찜닭(치즈토핑추가),찜닭+3000원추가,한식,-,-
35,짜장면,4000,중식,-,-
35,간짜장,4500,중식,-,-
35,짬뽕,4500,중식,-,-
35,우동,4500,중식,-,-
35,볶음밥,5000,중식,-,-
35,잡채밥,6500,중식,-,-
35,삼선짬뽕,7500,중식,-,-
35,탕수육小,12000,중식,-,-
35,탕수육中,16000,중식,-,-
35,탕수육大,22000,중식,-,-
36,콩짜장,3500,중식,-,-
36,매콤짜장,5000,중식,-,-
36,짬뽕,4500,중식,-,-
36,우동,4500,중식,-,-
36,울면,5000,중식,-,-
36,짜장밥,4500,중식,-,-
36,짬뽕밥,5000,중식,-,-
36,볶음밥,5000,중식,-,-
36,잡채밥,6000,중식,-,-
36,치즈돈까스,6000,중식,-,-
36,탕수육小+짜장2,15000,중식,-,-
36,탕수육小+짜장+짬뽕,16000,중식,-,-
37,그냥 돈가스,5500,양식,-,-
37,달걀프라이 돈가스,6000,양식,-,-
37,매운 돈가스,6500,양식,-,-
37,카레 돈가스,6500,양식,-,-
37,생선 가스,6500,양식,-,-
37,치즈 돈가스,6500,양식,-,-
37,치즈고구마 돈가스,7000,양식,-,-
37,치킨카레덮밥,6500,양식,-,-
37,함박스테이크,7500,양식,-,-
37,그맥set(그냥돈가스+크림생맥주),7500,양식,-,-
37,그냥라면,3500,양식,-,-
37,빨개요면 Level1,4000,양식,-,-
37,빨개요면 Level2,4500,양식,-,-
37,빨개요면 Level3,5000,양식,-,-
37,그냥우동,3500,양식,-,-
37,빨개요동 Level1,4000,양식,-,-
37,빨개요동 Level2,4500,양식,-,-
37,빨개요동 Level3,5000,양식,-,-
38,야채김밥,2000,분식,-,-
38,참치김밥,3000,분식,-,-
38,라면,3000,분식,-,-
38,라볶이,3500,분식,-,-
38,쫄면,4500,분식,-,-
38,우동,3500,분식,-,-
38,칼국수,5000,분식,-,-
38,된장찌개,5000,분식,-,-
38,순두부찌개,5000,분식,-,-
38,김치찌개,5000,분식,-,-
38,부대찌개,5500,분식,-,-
38,오므라이스,5000,분식,-,-
38,수제돈까스,5000,분식,-,-
38,알밥,5500,분식,-,-
38,알탕,5500,분식,-,-
38,갈비탕,5500,분식,-,-
38,제육덮밥,5500,분식,-,-
38,육개장,5500,분식,-,-
39,클래식 15cm,4500,-,-,-
39,클래식 30cm,8200,-,-,-
39,(클래식) 햄,-,양식,-,-
39,(클래식) 참치,-,양식,-,-
39,(클래식) 씨푸드,-,양식,-,-
39,(클래식) 베지,-,양식,-,-
39,추천메뉴 15cm,4900,-,-,-
39,추천메뉴 30cm,8700,-,-,-
39,(추천메뉴) 비엘티,-,양식,-,-
39,(추천메뉴) 미트볼,-,양식,-,-
39,(추천메뉴) 이탈리안 비엠티,-,양식,-,-
39,(추천메뉴) 터키,-,양식,-,-
39,베스트 15cm,5300,-,-,-
39,베스트 30cm,9200,-,-,-
39,(베스트) 스파이시 이탈리안,-,양식,-,-
39,(베스트) 치킨 데리야끼,-,양식,-,-
39,(베스트) 터키 베이컨,-,양식,-,-
39,(베스트) 써브웨이 클럽,-,양식,-,-
39,프리미엄 15cm,5800,-,-,-
39,프리미엄 30cm,9800,-,-,-
39,(프리미엄) 로스트 치킨,-,양식,-,-
39,(프리미엄) 로스트 비프,-,양식,-,-
39,(프리미엄) 써브웨이 멜트,-,양식,-,-
39,(프리미엄) 치킨베이컨 랜치,-,양식,-,-
39,(프리미엄) 스테이크&치즈,-,양식,-,-
39,(프리미엄) 터키베이컨 아보카도,-,양식,-,-
39,음료&추가,-,-,-,-
39,탄산음료,1500,-,-,-
39,쿠키 1개,1000,-,-,-
40,큰탕수육(달콤),12000,중식,-,-
40,큰탕수육(매콤),13000,중식,-,-
40,큰탕수육(반반),13000,중식,-,-
40,작은탕수육(달콤),8000,중식,-,-
40,작은탕수육(매콤),9000,중식,-,-
40,맛짬뽕,4000,중식,-,-
40,음료,2000,-,-,-
40,소주,3000,-,-,-
40,생맥주(300),2000,-,-,-
40,이과두주,3000,-,-,-
41,물막국수,6500,한식,-,-
41,비빔막국수(코다리),7000,한식,-,-
41,동치미막국수,7000,한식,-,-
41,메밀칼국수,6500,한식,-,-
41,옹심이칼국수,6500,한식,-,-
41,묵사발,6500,한식,-,-
41,메밀전,4000,한식,-,-
41,메밀전병,6500,한식,-,-
41,만두전골 1인분(2인이상),6500,한식,-,-
42,돈치마요,3300,한식,-,-
42,치킨마요,2700,한식,-,-
42,참치 샐러드마요,3200,한식,-,-
42,새치 고기고기(도시락),6000,한식,-,-
42,햄치 고기고기(도시락),5000,한식,-,-
42,새우돈까스 덮밥,3600,한식,-,-
42,돈까스 덮밥,3400,한식,-,-
42,불고기 비빔밥,4500,한식,-,-
42,제육강된장 비빔밥,4500,한식,-,-
42,불고기김치 볶음밥,3700,한식,-,-
42,김치 볶음밥,2900,한식,-,-
42,육개장,3500,한식,-,-
42,김치찌개,3000,한식,-,-
42,돈까스 카레,3800,한식,-,-
42,불닭비빔밥,4500,한식,-,-
42,빅치킨 와사마요,3800,한식,-,-
42,돈치 와사마요,3800,한식,-,-
43,1인분(180g)(기본 3인분이상),-,-,-,-
43,세겹삼겹살,5000,한식,-,-
43,벌집삼겹살,5000,한식,-,-
43,목살,5000,한식,-,-
43,소차돌박이,8000,한식,-,-
43,소갈비살,9000,한식,-,-
43,볶음밥(고기추가시),2000,한식,-,-
43,공기밥,1000,한식,-,-
43,"처음처럼, 순하리사과",3000,-,-,-
43,"클라우드,청하,매화수",4000,,-,-
44,궁 칼삼겹살(180g),8900,한식,-,-
44,칼삼겹살(180g),5900,한식,-,-
44,생목살(180g),7900,한식,-,-
44,추가시,-,-,-,-
44,된장찌개,1000,한식,-,-
44,계란탕,1000,한식,-,-
44,볶음밥,2000,한식,-,-
44,냉면류,4000,한식,-,-
44,주류,-,-,-,-
44,소주,3000,-,-,-
44,맥주,4000,-,-,-
44,음료수,1000,-,-,-
45,전통우동,3500,한식,-,-
45,얼큰우동,3500,한식,-,-
45,잔치우동,4000,한식,-,-
45,옛날짜장,3500,한식,-,-
45,짜장밥,3500,한식,-,-
45,짜면밥,4000,한식,-,-
45,야채비빔밥,4000,한식,-,-
45,김밥,1500,한식,-,-
46,토종순대국,6000,한식,-,-
46,머리고기순대국,6000,한식,-,-
46,살고기순대국,6000,한식,-,-
46,순대만순대국,6000,한식,-,-
46,냉면,6000,한식,-,-
46,맛보기순대,3000,한식,-,-
46,모듬순대,12000,한식,-,-
46,찰순대,6000,한식,-,-
46,술국,13000,한식,-,-
46,야채곱창순대볶음小,19000,한식,-,-
46,야채곱창순대볶음大,25000,한식,-,-
47,마뽕,6500,양식,-,-
47,백뽕,7500,양식,-,-
47,지리뽕(월요일할인),6000,양식,-,-
47,코케뽕,7000,양식,-,-
47,데쓰뽕,8500,양식,-,-
47,부타빙뽕(여름메뉴),7500,양식,-,-
47,달링 피자(목요일할인),9400,양식,-,-
47,뽕마르크,10400,양식,-,-
47,반달,9400,양식,-,-
48,수육국밥,6500,한식,-,-
48,순대국밥,6500,한식,-,-
48,얼큰국밥,7000,한식,-,-
48,순두부국밥,7000,한식,-,-
48,직화물냉면,6500,한식,-,-
48,직화비빔냉면,6500,한식,-,-
48,명태회냉면,7000,한식,-,-
48,얼큰술국,17000,한식,-,-
48,김치찜,16000,한식,-,-
48,감자만두,4000,한식,-,-
48,소주,3500,-,-,-
48,맥주,4000,-,-,-
48,막걸리,3000,-,-,-
48,음료수,1500,-,-,-
49,스파게티,-,-,-,-
49,뚝배기누룽지 얼큰해산물 파스타,9900,양식,-,-
49,스파게티 볼로네이즈,7900,양식,-,-
49,해산물 스파게티,8900,양식,-,-
49,아마트리샤나 스파게티,8900,양식,-,-
49,치즈오븐 토마토스파게티,9900,양식,-,-
49,해산물치즈오븐스파게티,9900,양식,-,-
49,뚝배기매콤한 날치알쉬림프 크림파스타,9900,양식,-,-
49,스파게티 까르보나라,7900,양식,-,-
49,해산물크림 스파게티,8900,양식,-,-
49,매운 까르보나라,9900,양식,-,-
49,로제소스 해산물크림스파게티,9900,양식,-,-
49,화덕 피자,-,-,-,-
49,마르게리따 피자,12900,양식,-,-
49,하와이안 피자,14900,양식,-,-
49,베이컨 & 포테이토 피자,14900,양식,-,-
49,고르곤졸라 피자,14900,양식,-,-
49,비프 볶음밥,6900,양식,-,-
49,날치알 & 새우 볶음밥,7900,양식,-,-
49,매콤한 베이컨 마늘볶음밥,7900,양식,-,-
49,불닭도리아,8900,양식,-,-
49,버섯 크림 리조또,9900,양식,-,-
50,메인메뉴,-,-,-,-
50,카레돈까스,7000,일식,-,-
50,비프카레라이스,7000,일식,-,-
50,유연카레라이스,6000,일식,-,-
50,세트메뉴,-,-,-,-
50,카레돈까스+새우튀김(1ea),8500,일식,-,-
50,카레돈까스+고로케or롱고구마치즈스틱(1ea),8000,일식,-,-
50,카레돈까스+치킨가라아게(2ea),8000,일식,-,-
50,카레돈까스+해쉬포테이토(1ea),8000,일식,-,-
50,토핑,-,-,-,-
50,계란후라이,500,-,-,-
50,슬라이스치즈,500,-,-,-
50,모찌경단(떡꼬치),1000,-,-,-
50,새우튀김(2ea),3500,-,-,-
50,음료,-,-,-,-
50,맥주,4000,-,-,-
50,호가든/아사히/클라우드,5000,-,-,-
50,콜라/사이다/밀키스,1500,-,-,-
51,니꾸(고기)카레,7000,일식,-,-
51,야사이(야채)카레,6500,일식,-,-
51,니꾸(고기)카레우동,7000,일식,-,-
51,야사이(야채)카레우동,6500,일식,-,-
51,추가토핑,-,-,-,-
51,계란후라이,1000,-,-,-
51,야채튀김 2ea,1500,-,-,-
51,고로케 2ea,2000,-,-,-
51,버터새우 5ea,2000,-,-,-
51,우삼겹,4000,-,-,-
51,안심돈카츠,3500,-,-,-
52,짜장면,4500,중식,-,-
52,짬뽕(면or밥),5500,중식,-,-
52,홍합짬뽕(면or밥),6000,중식,-,-
52,통낙지짬뽕(면or밥),7000,중식,-,-
52,우동(면or밥),5500,중식,-,-
52,쟁반짜장(2인분),13000,중식,-,-
52,새우볶음밥,6000,중식,-,-
52,게살볶음밥,7000,중식,-,-
52,칠리새우볶음밥,7000,중식,-,-
52,미니탕수육,7000,중식,-,-
52,탕수육(보통),18000,중식,-,-
52,탕수육(소),12000,중식,-,-
52,사천탕수육(보통),20000,중식,-,-
52,사천탕수육(소),15000,중식,-,-
52,깐풍기(보통),23000,중식,-,-
52,깐풍기(소),18000,중식,-,-
53,제육볶음,6000,한식,-,-
53,김치찌개,6000,한식,-,-
53,백반,6000,한식,-,-
53,순두부,5000,한식,-,-
53,된장찌개,5000,한식,-,-
53,부대찌개,6000,한식,-,-
53,알밥,6000,한식,-,-
53,뚝배기불고기,6000,한식,-,-
53,돈쭈쌈밥(2인이상),8000,한식,-,-
53,쭈꾸미볶음(2인),20000,한식,-,-
54,야채곱창볶음,8000,한식,-,-
54,야채순대볶음,8000,한식,-,-
54,양념막창구이,10000,한식,-,-
54,소금막창구이,10000,한식,-,-
54,볶음밥,2500,한식,-,-
54,소주,3000,-,-,-
54,맥주,4000,-,-,-
54,음료수,1000,-,-,-
55,코다리막국수,7000,한식,-,-
55,비빔막국수,6500,한식,-,-
55,물막국수,6500,한식,-,-
55,옹심이 메밀칼국수,6500,한식,-,-
55,메밀칼국수,6500,한식,-,-
55,옹심이,8500,한식,-,-
55,비빔냉면,6500,한식,-,-
55,물냉면,6500,한식,-,-
55,코다리냉면,7000,한식,-,-
55,감자전,8000,한식,-,-
56,갈비구이 쌈밥 반상,11000,한식,-,-
56,퀴헨 도슭 반상,8500,한식,-,-
56,간장새우우장 비빔밥 반상,9000,한식,-,-
56,주류/음료,-,-,-,-
56,호가든,5000,-,-,-
56,맥주(카스/하이트),4000,-,-,-
56,소주,4000,-,-,-
56,콜라/사이다,1500,-,-,-
57,닭곰탕,6000,한식,-,-
57,닭계장,6000,한식,-,-
57,닭칼국수,6000,한식,-,-
57,닭불고기(2인이상),7000,한식,-,-
57,돼지불고기(2인이상),7000,한식,-,-
57,오징어불고기(2인이상),7000,한식,-,-
57,능이오리닭백숙,55000,한식,-,-
58,와퍼(세트),7700,양식,-,-
58,와퍼(단품),5600,양식,-,-
58,와퍼주니어(세트),6000,양식,-,-
58,와퍼주니어(단품),4000,양식,-,-
58,콰트로치즈와퍼(세트),8500,양식,-,-
58,콰트로치즈와퍼(단품),6500,양식,-,-
58,통새우와퍼(세트),8500,양식,-,-
58,통새우와퍼(단품),6500,양식,-,-
58,불고기버거(세트),5100,양식,-,-
58,불고기버거(단품),3000,양식,-,-
58,치킨프라이,2000,양식,-,-
58,프랜치프라이 L,2100,양식,-,-
58,치즈프라이,2500,양식,-,-
58,콜라/스프라이트/환타,1900,-,-,-
58,컵아이스크림,600,-,-,-
58,선데(초코/바닐라/딸기),1500,-,-,-
59,빅불(세트),6800,양식,-,-
59,빅불(단품),5000,양식,-,-
59,핫크리스피버거(세트),6300,양식,-,-
59,핫크리스피버거(단품),4500,양식,-,-
59,불고기버거(세트),5400,양식,-,-
59,불고기버거(단품),3400,양식,-,-
59,새우버거(세트),5400,양식,-,-
59,새우버거(단품),3400,양식,-,-
59,콜라 L,1900,-,-,-
59,양념감자(어니언/치즈/칠리),2000,양식,-,-
59,치즈스틱,2000,양식,-,-
59,오징어링,2000,양식,-,-
59,포테이토,1500,-,-,-
60,콤비네이션 L,15000,양식,-,-
60,콤비네이션 M,13000,양식,-,-
60,고구마무스 L,15000,양식,-,-
60,고구마무스 M,13000,양식,-,-
60,소불고기 L,15000,양식,-,-
60,소불고기 M,13000,양식,-,-
60,포테이토 L,15000,양식,-,-
60,포테이토 M,13000,양식,-,-
60,치즈 L,15000,양식,-,-
60,치즈 M,13000,양식,-,-
60,쉬림프 골드 L,23000,양식,-,-
60,쉬림프 골드 M,21000,양식,-,-
60,옛날갈비 골드 L,23000,양식,-,-
60,옛날갈비 골드 M,21000,양식,-,-
61,MT떡볶이(카레맛or매운맛),5500,분식,-,-
61,MT떡볶이 추가1인분,2500,분식,-,-
61,MT스페셜(2-3인분),10000,분식,-,-
61,김치볶음밥(1인분),2000,분식,-,-
61,음료수(사이다/콜라),1000,-,-,-
61,라면 사리,1500,-,-,-
61,쫄면 사리,1500,-,-,-
61,당면 사리,1500,-,-,-
61,우동 사리,1500,-,-,-
61,순대 사리,1500,-,-,-
62,고기류,-,-,-,-
62,버섯삼겹살,8000,한식,-,-
62,진갈비살,16000,한식,-,-
62,차돌박이,11000,한식,-,-
62,냉면,5000,한식,-,-
62,식사류,-,-,-,-
62,순대국,5500,한식,-,-
62,삼겹김치찌개,5500,한식,-,-
62,돼지불고기,5500,한식,-,-
62,육개장,6000,한식,-,-
62,전골류,-,-,-,-
62,불낙전골 大,24000,한식,-,-
62,불낙전골 小,19000,한식,-,-
62,부대찌개 大,20000,한식,-,-
62,부대찌개 小,15000,한식,-,-
63,삼겹살 무한리필,10000,한식,-,-
63,삼겹살+목살+막창 무한리필,12000,한식,-,-
63,삼겹살+목살+우삼겹 무한리필,12000,한식,-,-
63,공기밥,1000,-,-,-
63,육회,5000,-,-,-
63,냉면,5000,-,-,-
64,무한리필 1인(2시간),9900,한식,-,-
64,냉면,4000,한식,-,-
64,된장찌개,2000,한식,-,-
64,공기밥,1000,한식,-,-
64,쭈꾸미(1접시),4900,한식,-,-
65,짜장면,4000,중식,-,-
65,해물우동,6000,중식,-,-
65,홍합해물짬뽕,6000,중식,-,-
65,매운짬뽕,8000,중식,-,-
65,짜장밥,6000,중식,-,-
65,짬뽕밥,7000,중식,-,-
65,미니탕수육,7000,중식,-,-
65,찹쌀탕수육 小,12000,중식,-,-
65,찹쌀탕수육 中,17000,중식,-,-
65,찹쌀탕수육 大,23000,중식,-,-
65,깐풍기,20000,중식,-,-
65,세트메뉴,-,-,-,-
65,탕수육+짜장2,17000,중식,-,-
65,탕수육+짜장1+짬뽕1,19000,중식,-,-
65,탕수육+짬뽕2,21000,중식,-,-
65,음료,-,-,-,-
65,음료수,1500,-,-,-
65,소주,4000,-,-,-
66,순두부,6000,한식,-,-
66,된장찌개,6000,한식,-,-
66,김치찌개,7000,한식,-,-
66,조기매운탕,7000,한식,-,-
66,닭도리탕,7000,한식,-,-
66,부대찌개,7000,한식,-,-
66,불백,7000,한식,-,-
66,게장백반,7000,한식,-,-
66,생선구이,7000,한식,-,-
66,장어구이,8000,한식,-,-
66,소불낙,7000,한식,-,-
66,동태찌개,7000,한식,-,-
66,고등어조림,7000,한식,-,-
66,낙지볶음,8000,한식,-,-
67,소고기기쌀국수,3900,양식,-,-
67,사이공볶음밥,3900,양식,-,-
67,닭고기쌀국수,3900,양식,-,-
67,얼큰쌀국수,4500,양식,-,-
67,새우볼,3900,양식,-,-
67,사이공볶음면,3900,양식,-,-
67,사이공딤섬,3900,양식,-,-
67,사이공치킨봉,3900,양식,-,-
67,콜라/사이다,1000,-,-,-
68,춘천닭갈비 1인(250g),8500,한식,-,-
68,매운닭갈비 1인(250g),8500,한식,-,-
68,막국수,4000,한식,-,-
68,계란찜,1000,한식,-,-
68,사리류,-,-,-,-
68,"모듬(떡,고구마,쫄면)",4000,한식,-,-
68,치즈,3000,-,-,-
68,볶음밥,2000,-,-,-
68,주류,-,-,-,-
68,소주,4000,-,-,-
68,맥주,4000,-,-,-
68,막걸리,3000,-,-,-
68,매화수,4000,-,-,-
69,오리지널 족발 小,26000,한식,-,-
69,오리지널 족발 中,29000,한식,-,-
69,오리지널 족발 大,33000,한식,-,-
69,직화 불족발 中,29000,한식,-,-
69,직화 불족발 大,33000,한식,-,-
69,반반 족발(오리지널+불족발),34000,한식,-,-
69,보쌈 小,26000,한식,-,-
69,보쌈 中,29000,한식,-,-
69,보쌈 大,33000,한식,-,-
69,세트 족발보쌈 中,39000,한식,-,-
69,세트 족발보쌈 大,45000,한식,-,-
69,냉채족발 中,29000,한식,-,-
69,냉채족발 大,33000,한식,-,-
69,미니불족발,18000,한식,-,-
69,해물부추전,10000,한식,-,-
69,해물김치전,10000,한식,-,-
69,"쟁반막국수,쟁반쫄면 小",6000,한식,-,-
69,"쟁반막국수,쟁반쫄면 大",10000,한식,-,-
69,야시장 쌀국수,8000,한식,-,-
69,소주,4000,-,-,-
69,막걸리,3000,-,-,-
69,맥주,4000,-,-,-
69,"콜라,사이다",2000,-,-,-
70,족발 小(1~2인),28000,한식,-,-
70,족발 中(2~3인),31000,한식,-,-
70,족발 大,35000,한식,-,-
70,보쌈 小(1~2인),28000,한식,-,-
70,보쌈 中(2~3인),31000,한식,-,-
70,보쌈 大(3~4인),35000,한식,-,-
70,냉채족발,35000,한식,-,-
70,반반족발(족발+불족),36000,한식,-,-
70,주먹밥,3000,한식,-,-
70,직화불족발 中(2~3인),30000,한식,-,-
70,직화불족발 大(3~4인),34000,한식,-,-
70,가족의 족발보쌈(3~4인),47000,한식,-,-
70,큰쟁반국수 中,8000,한식,-,-
70,큰쟁반국수 大,12000,한식,-,-
70,얼큰술국,8000,한식,-,-
70,소주,4000,-,-,-
70,막걸리,3000,-,-,-
70,맥주,4000,-,-,-
70,음료수,1000,-,-,-
71,이탈리안 치즈 피자,6000,양식,-,-
71,페파로니 피자,6900,양식,-,-
71,포테이토 피자,8900,양식,-,-
71,고구마 피자,8900,양식,-,-
71,불고기 피자,9900,양식,-,-
71,스테이크 불갈비 피자,11900,양식,-,-
71,골드 이탈리안 치즈 피자,10900,양식,-,-
71,골드 포테이토 피자,13900,양식,-,-
71,골드 고구마 피자,13900,양식,-,-
71,골드 불고기 피자,14900,양식,-,-
71,골드 하와이안 쉬림프 피자,17900,양식,-,-
71,이탈리안 치즈 바이트 피자,10900,양식,-,-
71,치킨 텐더 바이트 피자,15900,양식,-,-
71,스테이크 불갈비 바이트 피자,16900,양식,-,-
71,몬스터 이탈리안 피자,10900,양식,-,-
71,몬스터 고구마 피자,12900,양식,-,-
71,리얼 시카고 오리지널 피자,15900,양식,-,-
71,BBQ 리얼 시카고,18900,양식,-,-
71,고르곤졸라피자,10900,양식,-,-
71,크림쉬림프피자,12900,양식,-,-
71,반달피자,12900,양식,-,-
71,고구마무스 추가,1000,-,-,-
71,토핑치즈 추가,2000,-,-,-
72,돈까스,-,-,-,-
72,등심까스,7000,일식,-,-
72,안심까스,7500,일식,-,-
72,생선까스,7500,일식,-,-
72,치킨까스,7500,일식,-,-
72,밥/덮밥,-,-,-,-
72,돈까스비빔밥,7000,일식,-,-
72,회덮밥+소우동,7000,일식,-,-
72,알밥+소우동,7000,일식,-,-
72,가츠동,7500,일식,-,-
72,얼큰김치가츠동,8000,일식,-,-
72,일본카레,-,-,-,-
72,돈까스 카레,7500,일식,-,-
72,치킨까스 카레,7500,일식,-,-
72,고로케 카레,7500,일식,-,-
72,면,-,-,-,-
72,냉모밀,6500,일식,-,-
72,비빔모밀,6500,일식,-,-
72,돈까스비빔모밀,8500,일식,-,-
72,우동,5000,일식,-,-
72,얼큰김치우동,5500,일식,-,-
72,일본카레우동,7000,일식,-,-
72,세트메뉴,-,-,-,-
72,1.돈까스모밀세트(등심까스+소모밀),9000,일식,-,-
72,2.돈까스우동세트(등심까스+소우동),8500,일식,-,-
72,3.냉모밀돈까스세트(냉모밀+안심까스1/2),8000,일식,-,-
72,4.냉모밀새우까스세트(냉모밀+새우까스2ea),9000,일식,-,-
72,주류음료,-,-,-,-
72,소주,3000,-,-,-
72,맥주,4000,-,-,-
72,콜라 1.25L,2000,-,-,-
73,소금구이 (1인분),14000,한식,-,-
73,소주,4000,-,-,-
73,맥주,4000,-,-,-
73,클라우드,5000,-,-,-
73,청하,4000,-,-,-
73,순하리,4000,-,-,-
73,매화수,4000,-,-,-
73,음료수,1000,-,-,-
74,황태칼국수,6000,한식,-,-
74,등심돈까스,6000,한식,-,-
74,왕돈까스,7000,한식,-,-
74,치즈돈까스,7000,한식,-,-
75,참치 무한리필,-,-,-,-
75,참다랑어스페셜(1인),75000,일식,-,-
75,참치스페셜(1인),50000,일식,-,-
75,참치회특(1인),35000,일식,-,-
75,참치회(1인),28000,일식,-,-
75,특초밥(10pcs),20000,일식,-,-
75,쥰마이다이긴조,75000,-,-,-
75,간바레오도상,40000,-,-,-
75,화요,45000,-,-,-
75,복분자,12000,-,-,-
75,소주,4000,-,-,-
75,맥주,5000,-,-,-
75,청하,6000,-,-,-
75,매화수,6000,-,-,-
75,음료,2000,,,
76,기본 2인분 주문,-,-,-,-
76,막창소금구이,10000,한식,-,-
76,막창양념구이,11000,한식,-,-
76,야채곱창,8000,한식,-,-
76,볶음밥,2000,한식,-,-
76,공기밥,1000,한식,-,-
76,소주/막걸리,3000,-,-,-
76,맥주,4000,-,-,-
76,매화수/청하,4000,-,-,-
76,음료수,1000,-,-,-
77,철판구이,-,-,-,-
77,국내산한돈 삼겹살,11000,한식,-,-
77,칼집 삼겹살,7000,한식,-,-
77,대패 삼겹살,7000,한식,-,-
77,차돌박이,10000,한식,-,-
77,껍데기,6000,한식,-,-
77,초벌구이,-,-,-,-
77,갈릭 삼겹살,8000,한식,-,-
77,불돼지,8000,한식,-,-
77,소금구이막창,8000,한식,-,-
77,양념구이막창,8000,한식,-,-
77,샤브샤브추가,-,-,-,-
77,소고기추가(100g),3500,한식,-,-
77,야채추가,1000,-,-,-
77,칼국수/죽,2000,-,-,-
78,생삼겹살(180g),9900,한식,-,-
78,생목살(180g),9900,한식,-,-
78,생항정살(180g),9900,한식,-,-
78,제주삼겹살(180g),12900,한식,-,-
78,제주목살(180g),12900,한식,-,-
78,소등심(180g),12900,한식,-,-
78,차돌박이(180g),12900,한식,-,-
78,소갈비살(180g),12900,한식,-,-
78,투뿔한우꽃등심(200g),35000,한식,-,-
78,돼지왕갈비(300g),11900,한식,-,-
78,소고기육회,25000,한식,-,-
78,물냉면,5000,한식,-,-
78,비빔냉면,5000,한식,-,-
78,볶음밥,2500,한식,-,-
78,치즈볶음밥,3500,한식,-,-
78,소주,4000,-,-,-
78,맥주,4000,-,-,-
78,클라우드,5000,-,-,-
78,탄산음료,2000,-,-,-
79,크리스피치킨,10500,양식,-,-
79,크리스피치킨 순살,12500,양식,-,-
79,양념치킨,11900,양식,-,-
79,양념치킨 순살,13900,양식,-,-
79,반반치킨,11500,양식,-,-
79,반반치킨 순살,13500,양식,-,-
79,파닭치킨,13500,양식,-,-
79,파닭치킨 순살,15500,양식,-,-
79,샐러드 치킨,13500,양식,-,-
79,샐러드 치킨 순살,15500,양식,-,-
79,어니언치킨,13500,양식,-,-
79,어니언치킨 순살,15500,양식,-,-
79,치즈칠리로스트,11900,양식,-,-
79,치즈칠리로스트 순살,13900,양식,-,-
79,간장치킨,10900,양식,-,-
79,간장치킨 순살,12900,양식,-,-
79,불닭치킨,11500,양식,-,-
79,불닭치킨 순살,13500,양식,-,-
79,콜라/사이다 S,1500,-,-,-
79,콜라/사이다 L,2000,-,-,-
79,생맥주 1000cc,6000,-,-,-
80,현미베이크,-,-,-,-
80,오리지널 현미베이크,11900,양식,-,-
80,오리지널 현미베이크 순살or날개,13900,양식,-,-
80,갈릭 현미베이크,12900,양식,-,-
80,마늘아 현미베이크,13900,양식,-,-
80,강정 현미베이크,12900,양식,-,-
80,칠리 현미베이크,12900,양식,-,-
80,핫소스 현미베이크,12900,양식,-,-
80,파파닭 현미베이크,13900,양식,-,-
80,로스트,-,-,-,-
80,오리지날 로스트,10900,양식,-,-
80,오리지날 로스트 순살or날개,12900,양식,-,-
80,바베큐 로스트,12900,양식,-,-
80,치즈칠리 로스트,12900,양식,-,-
80,데리갈릭 로스트,12900,양식,-,-
80,깐풍기 로스트,12900,양식,-,-
80,두반장 로스트,12900,양식,-,-
80,맥주 1000cc,5000,-,-,-
81,연탄막창구이,12000,한식,-,-
81,양념막창구이,12000,한식,-,-
81,야채곱창,10000,한식,-,-
81,무뼈닭발,12000,한식,-,-
81,오돌뼈,12000,한식,-,-
81,오징어볶음,12000,한식,-,-
81,볶음밥,3000,-,-,-
81,소주,3500,-,-,-
81,맥주,4000,-,-,-
81,음료,1500,-,-,-
82,순살어니언치킨,13000,양식,-,-
82,순살양념,10000,양식,-,-
82,순살마늘,12000,양식,-,-
82,순살파닭,12000,양식,-,-
82,순살간장,10000,양식,-,-
82,파닭치킨,12000,양식,-,-
82,마늘치킨,12000,양식,-,-
82,크리스피(후라이드),8500,양식,-,-
82,양념치킨,10000,양식,-,-
82,반반치킨(크리스피+양념),9500,양식,-,-
82,반반치킨(크리스피+마늘),11000,양식,-,-
82,생맥주 500cc,3000,-,-,-
82,생맥주 1700cc,9000,-,-,-
82,생맥주 3000cc,14000,-,-,-
82,소주,3500,-,-,-
82,청하/병맥주,4000,-,-,-
82,콜라/사이다,1500,-,-,-
83,점심 특선(11:00~14:00),-,-,-,-
83,연탄불고기 백반(1인분),7000,한식,-,-
83,고추장불고기 백반(1인분),7000,한식,-,-
83,고등어구이 백반(1인분),7000,한식,-,-
83,메인메뉴,-,-,-,-
83,연탄불고기(200g),9000,한식,-,-
83,고추장불고기(200g),9000,한식,-,-
83,초벌삼겹살(200g),10000,한식,-,-
83,고추장삼겹살(200g),11000,한식,-,-
83,소곱창전골(2~3인분),28000,한식,-,-
83,통오징어구이,8000,한식,-,-
83,돼지껍데기(200g),8000,한식,,
83,추가 메뉴,-,-,,
83,추억의 도시락,4000,한식,-,-
83,오도독주먹밥,6000,한식,-,-
83,연탄무뼈닭발,15000,한식,-,-
83,물냉면,4000,한식,-,-
83,비빔냉면,4000,한식,-,-
83,해물라면,5000,한식,-,-
84,라멘,-,-,-,-
84,돈코츠 라멘,5900,일식,-,-
84,카라구치 라멘,5900,일식,-,-
84,우삼겹 라멘,5900,일식,-,-
84,쇼유 라멘,5900,일식,-,-
84,미소라멘,5900,일식,-,-
84,덮밥,-,-,-,-
84,사케동,6900,일식,-,-
84,차슈동,6900,일식,-,-
84,야끼도리동,6900,일식,-,-
84,카레 가라아게동,6900,일식,-,-
84,카레 돈카츠동,6900,일식,,
84,주류,-,-,-,-
84,아사히 생맥주,6900,-,-,-
84,소주,4000,-,-,-
84,"맥주(카스,하이트)",4500,-,-,-
84,"콜라,사이다",2000,-,-,-
85,김가네김밥,2900,분식,-,-
85,참치마요김밥,3500,분식,-,-
85,라면,3500,분식,-,-
85,짬뽕라면,4500,분식,-,-
85,쫄면,5500,분식,-,-
85,육개장칼국수,6000,분식,-,-
85,유부우동,4500,분식,-,-
85,김치나베우동,5000,분식,-,-
85,떡만두국,6000,분식,-,-
85,스팸김치볶음밥,6000,분식,-,-
85,해신볶음밥,6000,분식,-,-
85,빠에야새우볶음밥,6000,분식,-,-
85,오믈렛라이스,6000,분식,-,-
85,오불덮밥,6000,분식,-,-
85,소불고기덮밥,6000,분식,-,-
85,낙지덮밥,6000,분식,-,-
85,매운닭갈비덮밥,6000,분식,-,-
85,알톡톡밥,6000,분식,-,-
85,돌솥비빔밥,6000,분식,-,-
85,김치찌개,6000,분식,-,-
85,순두부찌개,5500,분식,-,-
85,소고기육개장,6000,분식,-,-
85,등심돈까스,6000,분식,-,-
85,치즈돈까스,6500,분식,-,-
86,칼국수,7000,한식,-,-
86,물냉면(~9월),7000,한식,-,-
86,비빔냉면(~9월),7000,한식,-,-
86,회냉면(~9월),7500,한식,-,-
86,쟁반냉면(~9월),8000,한식,-,-
86,물만두,4000,한식,-,-
86,보쌈류,-,-,-,-
86,평강보쌈(340g),27000,한식,-,-
86,온달보쌈(420g),32000,한식,-,-
86,평강보쌈+칼국수,32000,한식,-,-
86,설렁탕,7000,한식,-,-
87,백반,5000,한식,-,-
87,2인분이상 가능 메뉴,-,-,-,-
87,오징어볶음,10000,한식,-,-
87,제육볶음,10000,한식,-,-
87,삼겹살,10000,한식,-,-
87,차돌박이,12000,한식,-,-
87,삼계탕(예약주문필수),12000,한식,-,-
87,닭도리탕(예약주문필수),30000,한식,-,-
87,맥주,4000,-,-,-
87,소주,3000,-,-,-
88,순대국,5000,한식,-,-
88,순대해장라면,5000,한식,-,-
88,전주콩나물국밥,4000,한식,-,-
88,뼈해장국,6000,한식,-,-
88,양선지해장국,8000,한식,-,-
89,뼈해장국,6000,한식,-,-
89,제육볶음,-,한식,-,-
89,선지해장국,-,한식,-,-
89,콩나물해장국,-,한식,-,-
89,순두부찌개,-,한식,-,-
89,감자탕,-,한식,-,-
89,춘천닭갈비,-,한식,-,-
89,춘천막국수,-,한식,-,-
90,야채곱창,8000,한식,-,-
90,알곱창,9000,한식,-,-
90,치즈곱창,10000,한식,-,-
90,양념막창,10000,한식,-,-
90,소금막창,10000,한식,-,-
90,오돌뼈,8000,한식,-,-
90,무뼈닭발,8000,한식,-,-
90,볶음밥,2000,-,-,-
90,치즈추가,2000,-,-,-
90,소주,3000,-,-,-
90,맥주,4000,-,-,-
90,음료수,1000,-,-,-
91,김밥,2500,한식,-,-
91,짜장,4000,한식,-,-
91,우동,4000,한식,-,-
91,쫄면,4500,한식,-,-
91,잔치국수,4500,한식,-,-
91,열무국수,4500,한식,-,-
92,히레카츠 정식,9500,일식,-,-
92,알밥정식,8000,일식,-,-
92,돈카츠동 정식,7500,일식,-,-
92,미소야우동,4500,일식,-,-
92,돈카츠카레,8000,일식,-,-
92,치킨데리야끼벤또,7000,일식,-,-
